,Age,Employment_Type,Graduate_Or_Not,Annual_Income,Family_Members,Chronic_Diseases,Frequent_Flyer,Ever_Travelled_Abroad,Travel_Insurance
0,31,Government Sector,Yes,400000,6,1,No,No,0
1,31,Private Sector/Self Employed,Yes,1250000,7,0,No,No,0
2,34,Private Sector/Self Employed,Yes,500000,4,1,No,No,1
3,28,Private Sector/Self Employed,Yes,700000,3,1,No,No,0
4,28,Private Sector/Self Employed,Yes,700000,8,1,Yes,No,0
5,25,Private Sector/Self Employed,No,1150000,4,0,No,No,0
6,31,Government Sector,Yes,1300000,4,0,No,No,0
7,31,Private Sector/Self Employed,Yes,1350000,3,0,Yes,Yes,1
8,28,Private Sector/Self Employed,Yes,1450000,6,1,Yes,Yes,1
9,33,Government Sector,Yes,800000,3,0,Yes,No,0
10,31,Government Sector,Yes,400000,9,1,No,No,0
11,26,Private Sector/Self Employed,Yes,1400000,5,0,Yes,Yes,1
12,32,Government Sector,Yes,850000,6,0,No,No,1
13,31,Government Sector,Yes,1500000,6,0,Yes,Yes,1
14,31,Government Sector,Yes,400000,3,0,No,No,0
15,34,Private Sector/Self Employed,Yes,700000,7,0,No,No,0
16,28,Private Sector/Self Employed,Yes,1150000,4,1,No,No,0
17,28,Private Sector/Self Employed,Yes,800000,7,0,No,No,1
18,29,Private Sector/Self Employed,Yes,1050000,5,1,No,No,1
19,34,Private Sector/Self Employed,Yes,1500000,2,0,Yes,Yes,1
20,28,Private Sector/Self Employed,Yes,1150000,6,0,Yes,No,0
21,29,Private Sector/Self Employed,Yes,350000,3,0,No,No,1
22,31,Private Sector/Self Employed,Yes,1100000,4,0,No,No,0
23,28,Government Sector,Yes,600000,9,0,No,No,1
24,31,Government Sector,Yes,1500000,7,0,Yes,Yes,0
25,35,Private Sector/Self Employed,No,800000,4,0,No,Yes,0
26,34,Private Sector/Self Employed,No,1300000,6,0,Yes,No,1
27,28,Private Sector/Self Employed,Yes,1250000,2,0,Yes,No,0
28,26,Private Sector/Self Employed,Yes,600000,4,0,Yes,No,0
29,31,Private Sector/Self Employed,Yes,900000,3,0,No,No,0
30,30,Private Sector/Self Employed,No,550000,6,0,Yes,Yes,0
31,31,Government Sector,No,300000,4,0,No,No,0
32,25,Government Sector,Yes,750000,4,0,No,No,1
33,32,Government Sector,Yes,850000,3,0,No,No,0
34,28,Private Sector/Self Employed,Yes,800000,9,0,No,No,1
35,33,Private Sector/Self Employed,Yes,1400000,4,0,Yes,Yes,0
36,31,Government Sector,No,300000,9,1,No,No,0
37,34,Private Sector/Self Employed,Yes,700000,4,0,No,No,0
38,34,Government Sector,Yes,1100000,2,0,No,No,0
39,33,Private Sector/Self Employed,Yes,1500000,5,1,Yes,Yes,1
40,25,Private Sector/Self Employed,Yes,1400000,3,1,Yes,Yes,1
41,33,Private Sector/Self Employed,Yes,550000,5,0,No,No,0
42,26,Private Sector/Self Employed,Yes,1500000,2,1,Yes,Yes,1
43,28,Private Sector/Self Employed,Yes,1200000,4,0,Yes,No,1
44,25,Private Sector/Self Employed,Yes,1400000,7,0,No,Yes,1
45,34,Private Sector/Self Employed,No,1400000,5,1,No,Yes,1
46,25,Private Sector/Self Employed,Yes,1400000,4,0,No,Yes,1
47,35,Government Sector,Yes,1100000,5,0,No,No,0
48,28,Private Sector/Self Employed,Yes,600000,3,0,No,No,0
49,31,Private Sector/Self Employed,Yes,1350000,3,0,No,Yes,1
50,31,Private Sector/Self Employed,Yes,1250000,3,1,No,No,0
51,29,Private Sector/Self Employed,Yes,1050000,3,0,No,No,0
52,31,Private Sector/Self Employed,Yes,1250000,4,0,No,Yes,0
53,28,Government Sector,Yes,300000,2,0,No,No,0
54,29,Private Sector/Self Employed,Yes,1200000,7,0,No,No,0
55,26,Private Sector/Self Employed,Yes,750000,5,0,No,No,0
56,28,Private Sector/Self Employed,Yes,550000,3,0,No,No,1
57,34,Private Sector/Self Employed,Yes,1000000,6,0,No,No,1
58,33,Private Sector/Self Employed,Yes,1400000,6,0,Yes,Yes,1
59,33,Private Sector/Self Employed,Yes,1400000,9,0,Yes,Yes,1
60,31,Private Sector/Self Employed,Yes,1250000,4,0,Yes,Yes,0
61,32,Government Sector,Yes,800000,3,0,Yes,No,1
62,28,Private Sector/Self Employed,Yes,800000,4,0,Yes,No,0
63,27,Government Sector,Yes,500000,2,0,No,No,0
64,30,Private Sector/Self Employed,No,1450000,9,0,Yes,Yes,1
65,26,Private Sector/Self Employed,Yes,600000,5,1,No,No,0
66,30,Private Sector/Self Employed,No,800000,6,0,Yes,No,0
67,34,Private Sector/Self Employed,Yes,1500000,3,0,Yes,Yes,1
68,29,Private Sector/Self Employed,Yes,350000,4,0,No,No,0
70,34,Government Sector,Yes,1300000,4,0,No,No,0
71,28,Private Sector/Self Employed,Yes,750000,6,0,Yes,No,0
72,28,Private Sector/Self Employed,Yes,800000,6,1,Yes,No,0
73,28,Private Sector/Self Employed,Yes,750000,7,0,Yes,No,0
74,28,Private Sector/Self Employed,Yes,700000,4,1,No,No,0
75,34,Private Sector/Self Employed,Yes,1300000,5,0,No,No,0
76,29,Private Sector/Self Employed,Yes,1200000,3,0,No,No,1
77,31,Government Sector,No,400000,4,0,No,No,0
78,31,Government Sector,Yes,1300000,3,0,No,Yes,1
79,31,Government Sector,No,400000,5,1,No,No,0
80,26,Private Sector/Self Employed,Yes,1300000,4,1,No,No,0
81,25,Private Sector/Self Employed,No,1150000,8,0,No,No,0
82,28,Private Sector/Self Employed,Yes,1250000,4,1,No,No,0
83,34,Private Sector/Self Employed,No,950000,4,0,Yes,No,1
84,32,Government Sector,Yes,350000,6,1,No,No,0
85,25,Private Sector/Self Employed,No,1700000,4,0,Yes,No,1
86,32,Government Sector,Yes,900000,4,0,No,No,0
87,28,Government Sector,Yes,300000,6,0,No,No,0
88,34,Private Sector/Self Employed,Yes,1050000,5,1,No,No,0
89,28,Government Sector,Yes,300000,8,0,No,No,0
90,27,Government Sector,Yes,1050000,3,0,No,No,0
91,28,Government Sector,Yes,300000,4,1,No,No,0
92,28,Private Sector/Self Employed,Yes,1150000,5,0,No,No,0
93,33,Government Sector,Yes,700000,7,0,Yes,No,1
94,34,Private Sector/Self Employed,Yes,1300000,4,0,No,No,0
95,26,Private Sector/Self Employed,Yes,1400000,5,0,No,Yes,1
96,28,Private Sector/Self Employed,Yes,700000,4,0,No,No,0
97,29,Private Sector/Self Employed,Yes,350000,7,0,No,No,0
98,29,Private Sector/Self Employed,Yes,1100000,6,0,No,No,0
99,29,Government Sector,Yes,600000,3,0,No,No,0
100,28,Private Sector/Self Employed,Yes,1300000,6,1,No,No,1
101,33,Private Sector/Self Employed,Yes,1500000,3,1,Yes,Yes,1
102,29,Private Sector/Self Employed,Yes,500000,3,1,No,No,0
104,28,Private Sector/Self Employed,Yes,1150000,3,0,No,No,0
105,28,Private Sector/Self Employed,Yes,750000,3,0,No,No,0
106,34,Private Sector/Self Employed,Yes,1300000,3,0,No,No,0
107,34,Private Sector/Self Employed,Yes,850000,3,1,No,Yes,0
108,26,Private Sector/Self Employed,Yes,1300000,4,0,No,No,1
109,25,Private Sector/Self Employed,Yes,1700000,3,0,Yes,No,1
110,31,Government Sector,Yes,400000,5,0,No,No,0
111,28,Private Sector/Self Employed,Yes,800000,5,0,No,No,0
112,30,Private Sector/Self Employed,No,800000,4,0,No,No,0
113,29,Private Sector/Self Employed,Yes,900000,4,0,Yes,No,0
114,29,Private Sector/Self Employed,Yes,500000,5,0,No,No,0
115,29,Private Sector/Self Employed,Yes,900000,4,0,No,No,0
116,28,Private Sector/Self Employed,Yes,1150000,5,0,No,No,1
118,31,Government Sector,Yes,1500000,4,1,Yes,Yes,1
119,31,Private Sector/Self Employed,Yes,500000,4,0,No,No,0
120,28,Private Sector/Self Employed,Yes,800000,3,1,No,No,0
121,26,Private Sector/Self Employed,Yes,1400000,6,0,No,Yes,1
122,32,Government Sector,Yes,800000,6,1,No,No,0
123,27,Government Sector,Yes,850000,3,0,No,No,0
124,32,Government Sector,Yes,350000,4,1,No,No,0
125,29,Private Sector/Self Employed,Yes,500000,3,1,No,No,1
126,32,Government Sector,Yes,800000,5,0,Yes,No,0
127,27,Government Sector,Yes,750000,5,0,No,No,0
128,31,Private Sector/Self Employed,Yes,1350000,8,0,No,Yes,1
129,29,Private Sector/Self Employed,Yes,1050000,6,0,No,No,0
130,28,Private Sector/Self Employed,Yes,800000,4,0,No,No,0
131,28,Private Sector/Self Employed,Yes,750000,4,0,No,No,0
132,28,Private Sector/Self Employed,Yes,1100000,4,0,No,No,0
133,25,Private Sector/Self Employed,Yes,1750000,4,0,No,Yes,1
134,28,Private Sector/Self Employed,Yes,600000,5,0,Yes,No,0
135,28,Private Sector/Self Employed,Yes,800000,6,0,No,Yes,1
136,29,Private Sector/Self Employed,Yes,500000,6,0,No,No,1
137,29,Private Sector/Self Employed,Yes,600000,4,1,Yes,No,0
138,28,Private Sector/Self Employed,Yes,1150000,4,0,No,No,0
139,35,Private Sector/Self Employed,No,800000,7,1,No,No,1
140,28,Private Sector/Self Employed,Yes,550000,4,1,No,No,0
141,25,Private Sector/Self Employed,Yes,1400000,3,0,No,Yes,0
142,32,Government Sector,Yes,350000,9,1,No,No,0
143,26,Private Sector/Self Employed,Yes,1300000,4,0,No,No,0
144,31,Private Sector/Self Employed,Yes,1250000,4,0,No,No,0
145,28,Private Sector/Self Employed,Yes,1150000,6,0,No,No,0
146,30,Private Sector/Self Employed,No,750000,3,1,No,No,1
147,31,Government Sector,No,400000,4,1,No,No,0
149,28,Private Sector/Self Employed,Yes,800000,5,1,No,No,0
150,28,Private Sector/Self Employed,Yes,650000,2,1,No,No,1
151,29,Private Sector/Self Employed,Yes,1200000,7,0,No,No,1
152,28,Private Sector/Self Employed,Yes,1200000,5,0,Yes,No,0
153,25,Private Sector/Self Employed,No,600000,5,0,Yes,No,0
154,28,Private Sector/Self Employed,Yes,700000,4,0,Yes,No,0
155,34,Private Sector/Self Employed,Yes,1300000,6,0,No,No,1
156,28,Private Sector/Self Employed,Yes,900000,4,0,Yes,No,0
157,28,Private Sector/Self Employed,Yes,600000,3,1,No,No,0
158,31,Private Sector/Self Employed,Yes,1250000,6,0,Yes,No,1
159,27,Government Sector,Yes,900000,7,1,No,No,0
160,31,Government Sector,Yes,1200000,5,1,No,No,1
161,34,Private Sector/Self Employed,No,1400000,3,1,No,Yes,1
162,34,Private Sector/Self Employed,Yes,500000,7,0,No,No,1
163,32,Government Sector,Yes,350000,5,0,No,No,0
165,33,Government Sector,Yes,1000000,4,0,No,No,0
166,28,Private Sector/Self Employed,Yes,800000,7,0,No,No,0
168,27,Government Sector,Yes,850000,7,1,No,No,0
169,25,Private Sector/Self Employed,No,600000,6,0,No,No,0
170,31,Private Sector/Self Employed,Yes,1350000,6,1,No,Yes,1
171,28,Private Sector/Self Employed,Yes,900000,7,0,No,No,0
172,27,Private Sector/Self Employed,No,600000,8,0,No,No,0
173,26,Private Sector/Self Employed,Yes,450000,5,1,No,No,1
174,34,Private Sector/Self Employed,Yes,700000,6,0,Yes,No,1
175,30,Private Sector/Self Employed,No,800000,3,0,No,No,0
176,34,Private Sector/Self Employed,Yes,1050000,6,0,No,No,1
177,28,Private Sector/Self Employed,Yes,1250000,5,0,No,No,0
178,32,Government Sector,Yes,350000,6,0,No,No,0
179,26,Private Sector/Self Employed,Yes,1250000,4,0,No,No,0
181,26,Private Sector/Self Employed,Yes,1300000,3,0,No,No,0
182,35,Private Sector/Self Employed,No,800000,3,0,Yes,No,1
183,25,Private Sector/Self Employed,No,1700000,3,1,Yes,No,0
184,25,Government Sector,Yes,750000,3,0,No,No,0
185,28,Government Sector,Yes,300000,4,0,No,No,1
186,28,Private Sector/Self Employed,Yes,500000,9,0,No,No,1
187,28,Private Sector/Self Employed,Yes,650000,9,0,No,No,0
188,26,Government Sector,Yes,500000,4,0,No,No,0
189,26,Private Sector/Self Employed,Yes,1400000,7,1,No,Yes,1
190,27,Government Sector,Yes,900000,5,0,No,No,0
191,30,Private Sector/Self Employed,No,650000,3,0,No,Yes,0
192,28,Private Sector/Self Employed,Yes,800000,4,1,No,Yes,0
193,34,Private Sector/Self Employed,No,1300000,5,1,No,No,0
194,33,Government Sector,Yes,1100000,5,0,No,No,0
195,25,Private Sector/Self Employed,Yes,1400000,5,0,Yes,Yes,1
196,34,Private Sector/Self Employed,Yes,1000000,7,0,No,No,1
197,29,Private Sector/Self Employed,Yes,1150000,5,1,Yes,No,0
198,25,Private Sector/Self Employed,No,1350000,4,0,No,Yes,1
199,30,Private Sector/Self Employed,No,1450000,5,0,Yes,Yes,1
200,27,Government Sector,Yes,1050000,4,0,No,No,1
201,31,Private Sector/Self Employed,Yes,1400000,2,0,No,Yes,1
202,28,Private Sector/Self Employed,Yes,600000,7,0,No,No,1
203,28,Private Sector/Self Employed,Yes,1100000,4,1,No,No,0
204,32,Government Sector,Yes,900000,4,0,Yes,No,0
205,29,Private Sector/Self Employed,Yes,1150000,4,1,No,Yes,0
206,25,Private Sector/Self Employed,No,1150000,5,1,No,No,1
207,31,Government Sector,No,350000,3,0,No,No,0
208,29,Private Sector/Self Employed,Yes,1350000,4,0,No,Yes,1
210,28,Private Sector/Self Employed,Yes,1200000,5,1,Yes,No,0
211,27,Private Sector/Self Employed,No,450000,5,0,No,No,0
212,28,Private Sector/Self Employed,Yes,750000,5,1,No,No,0
214,27,Government Sector,Yes,850000,5,1,No,Yes,0
216,34,Private Sector/Self Employed,Yes,1050000,8,0,No,No,1
217,28,Private Sector/Self Employed,Yes,800000,6,0,No,No,0
218,26,Private Sector/Self Employed,Yes,1500000,7,0,Yes,Yes,0
219,31,Private Sector/Self Employed,Yes,1250000,9,1,No,No,0
220,35,Private Sector/Self Employed,No,800000,2,0,No,No,0
221,28,Private Sector/Self Employed,Yes,1200000,6,1,No,No,0
222,28,Private Sector/Self Employed,Yes,1200000,3,0,No,No,0
223,30,Private Sector/Self Employed,No,650000,3,0,No,No,0
224,31,Private Sector/Self Employed,Yes,1100000,5,0,Yes,No,0
225,31,Private Sector/Self Employed,Yes,1250000,2,0,No,No,0
226,34,Government Sector,Yes,1300000,9,1,No,No,1
227,34,Private Sector/Self Employed,Yes,1300000,6,1,No,No,0
228,34,Private Sector/Self Employed,Yes,1000000,5,0,No,No,0
229,34,Private Sector/Self Employed,Yes,1000000,2,0,No,No,0
230,29,Private Sector/Self Employed,Yes,900000,7,0,Yes,No,0
231,31,Government Sector,Yes,1200000,5,1,No,No,0
232,28,Private Sector/Self Employed,Yes,1250000,6,0,No,No,0
233,31,Government Sector,Yes,1200000,6,1,No,No,0
235,30,Private Sector/Self Employed,No,550000,4,0,No,No,0
236,26,Private Sector/Self Employed,Yes,1500000,5,0,Yes,Yes,1
237,30,Private Sector/Self Employed,No,500000,8,0,No,No,0
238,29,Private Sector/Self Employed,Yes,600000,3,1,No,No,0
239,26,Private Sector/Self Employed,Yes,1250000,5,0,No,No,0
240,27,Private Sector/Self Employed,No,350000,7,0,No,No,0
241,35,Private Sector/Self Employed,No,800000,6,0,No,No,1
242,33,Government Sector,Yes,400000,4,0,No,No,0
243,26,Private Sector/Self Employed,Yes,750000,6,0,No,No,0
244,27,Government Sector,Yes,500000,4,0,No,No,0
246,31,Government Sector,No,350000,6,1,No,No,0
247,27,Government Sector,Yes,1050000,3,0,Yes,No,1
248,34,Government Sector,Yes,1300000,6,0,No,No,1
250,34,Private Sector/Self Employed,Yes,1000000,6,1,No,No,1
251,28,Government Sector,Yes,300000,5,0,No,No,0
252,29,Private Sector/Self Employed,Yes,1350000,5,1,No,Yes,1
253,28,Private Sector/Self Employed,Yes,1400000,2,0,No,Yes,1
254,28,Government Sector,Yes,1200000,5,0,No,No,0
255,34,Private Sector/Self Employed,Yes,1500000,5,0,Yes,Yes,1
256,34,Government Sector,Yes,1300000,7,1,No,Yes,1
257,33,Private Sector/Self Employed,Yes,550000,5,0,No,No,1
259,33,Government Sector,Yes,400000,3,1,No,No,1
260,26,Private Sector/Self Employed,Yes,1400000,3,1,No,Yes,1
261,28,Private Sector/Self Employed,Yes,1100000,4,1,No,No,1
262,26,Private Sector/Self Employed,Yes,750000,4,1,No,No,0
263,35,Private Sector/Self Employed,No,800000,4,0,No,No,0
264,29,Private Sector/Self Employed,Yes,350000,9,1,No,No,0
265,27,Government Sector,Yes,850000,6,0,Yes,No,0
267,33,Government Sector,Yes,1100000,4,0,No,No,1
268,34,Private Sector/Self Employed,Yes,500000,6,0,No,No,1
269,27,Private Sector/Self Employed,No,800000,5,0,No,No,0
270,34,Government Sector,Yes,1300000,6,0,No,Yes,1
271,35,Government Sector,Yes,900000,3,1,No,No,0
273,34,Private Sector/Self Employed,Yes,1000000,6,0,Yes,No,1
274,32,Government Sector,Yes,850000,7,0,No,No,1
275,26,Private Sector/Self Employed,Yes,1400000,4,1,No,Yes,1
277,31,Private Sector/Self Employed,Yes,950000,7,0,Yes,No,0
278,32,Government Sector,Yes,800000,5,1,No,No,1
280,32,Government Sector,Yes,800000,6,0,Yes,No,0
282,26,Private Sector/Self Employed,Yes,1400000,4,0,No,Yes,1
284,28,Private Sector/Self Employed,Yes,750000,3,0,No,No,1
285,33,Private Sector/Self Employed,Yes,750000,4,0,No,No,0
287,29,Private Sector/Self Employed,Yes,1200000,4,0,No,No,0
288,29,Private Sector/Self Employed,Yes,1100000,4,0,No,No,0
289,26,Private Sector/Self Employed,Yes,500000,3,0,No,No,0
290,32,Government Sector,Yes,900000,6,1,No,No,0
291,34,Private Sector/Self Employed,Yes,1300000,3,0,Yes,No,0
292,27,Government Sector,Yes,850000,4,0,No,No,0
293,31,Private Sector/Self Employed,Yes,1250000,3,0,No,No,1
295,28,Private Sector/Self Employed,Yes,550000,5,0,No,No,0
296,32,Government Sector,Yes,350000,7,0,No,No,0
299,27,Private Sector/Self Employed,No,450000,3,0,No,No,0
300,32,Government Sector,Yes,900000,5,1,No,No,1
301,27,Government Sector,Yes,850000,4,1,No,No,0
302,34,Private Sector/Self Employed,Yes,700000,6,0,No,No,1
303,31,Government Sector,No,300000,3,0,No,No,0
304,34,Private Sector/Self Employed,Yes,1050000,3,0,No,No,0
305,26,Private Sector/Self Employed,Yes,1250000,4,1,No,Yes,0
306,33,Government Sector,Yes,650000,5,1,No,No,1
307,28,Private Sector/Self Employed,Yes,1150000,8,1,No,No,0
308,34,Private Sector/Self Employed,Yes,1000000,9,1,No,No,0
309,33,Government Sector,Yes,650000,4,0,No,No,1
310,30,Private Sector/Self Employed,No,550000,8,0,No,No,0
311,34,Private Sector/Self Employed,Yes,1500000,7,0,Yes,Yes,1
312,32,Government Sector,Yes,850000,7,0,No,No,0
313,25,Private Sector/Self Employed,No,1150000,4,0,No,No,1
315,28,Government Sector,Yes,300000,4,0,No,No,0
316,31,Private Sector/Self Employed,Yes,950000,5,1,No,No,0
317,32,Government Sector,Yes,800000,6,0,No,No,1
318,34,Government Sector,Yes,1100000,3,0,No,No,1
319,25,Private Sector/Self Employed,Yes,1700000,2,1,Yes,No,1
320,35,Private Sector/Self Employed,No,800000,5,0,No,No,0
321,28,Private Sector/Self Employed,Yes,500000,3,0,No,No,0
323,33,Private Sector/Self Employed,Yes,1400000,5,0,No,Yes,1
327,34,Government Sector,Yes,1300000,3,0,No,No,0
328,34,Private Sector/Self Employed,Yes,700000,6,0,Yes,Yes,1
329,28,Private Sector/Self Employed,Yes,1100000,8,0,No,No,0
331,33,Private Sector/Self Employed,Yes,550000,4,0,No,No,1
332,31,Private Sector/Self Employed,Yes,1650000,7,1,Yes,No,1
333,31,Private Sector/Self Employed,Yes,1400000,6,1,No,Yes,0
334,29,Private Sector/Self Employed,Yes,1050000,3,0,No,No,1
335,28,Private Sector/Self Employed,Yes,800000,2,0,No,No,1
337,30,Private Sector/Self Employed,No,550000,7,0,Yes,No,0
339,29,Private Sector/Self Employed,Yes,1050000,5,0,No,No,0
340,27,Private Sector/Self Employed,No,800000,7,1,No,No,0
341,28,Private Sector/Self Employed,Yes,550000,7,0,No,No,0
342,28,Private Sector/Self Employed,Yes,1100000,2,0,No,No,1
343,28,Private Sector/Self Employed,Yes,1250000,7,0,No,No,0
344,32,Government Sector,Yes,800000,4,0,Yes,Yes,0
345,29,Private Sector/Self Employed,Yes,1200000,5,0,No,Yes,0
346,25,Private Sector/Self Employed,Yes,1800000,7,1,Yes,No,1
347,34,Private Sector/Self Employed,Yes,1300000,6,0,Yes,No,0
350,31,Private Sector/Self Employed,Yes,950000,5,0,Yes,Yes,0
351,29,Private Sector/Self Employed,Yes,1200000,9,1,Yes,No,0
352,31,Private Sector/Self Employed,Yes,1350000,6,0,No,Yes,1
354,25,Private Sector/Self Employed,No,1150000,5,0,No,No,1
355,28,Private Sector/Self Employed,Yes,1400000,3,0,No,Yes,1
356,34,Private Sector/Self Employed,Yes,1000000,4,0,No,No,0
357,34,Private Sector/Self Employed,Yes,500000,5,0,No,No,0
358,34,Private Sector/Self Employed,Yes,1000000,5,0,Yes,No,0
359,25,Private Sector/Self Employed,No,1150000,3,0,No,No,0
360,28,Private Sector/Self Employed,No,550000,4,0,No,No,0
362,28,Private Sector/Self Employed,Yes,700000,2,1,No,No,0
364,31,Government Sector,Yes,1200000,6,0,No,No,0
365,25,Private Sector/Self Employed,No,1700000,3,0,Yes,No,1
366,28,Government Sector,Yes,300000,3,0,No,No,0
368,35,Private Sector/Self Employed,No,800000,3,0,No,No,1
369,32,Government Sector,Yes,800000,7,1,No,No,0
370,31,Government Sector,Yes,1300000,6,0,No,No,1
371,27,Government Sector,Yes,900000,5,1,No,Yes,0
372,29,Private Sector/Self Employed,Yes,350000,5,1,No,No,0
373,28,Private Sector/Self Employed,Yes,900000,5,0,Yes,No,0
374,28,Government Sector,Yes,600000,7,0,No,No,0
375,28,Private Sector/Self Employed,Yes,1100000,6,1,No,No,0
377,27,Private Sector/Self Employed,No,1550000,4,0,Yes,No,1
378,25,Private Sector/Self Employed,Yes,1700000,5,0,Yes,No,1
379,27,Private Sector/Self Employed,No,1550000,6,0,Yes,No,1
380,28,Private Sector/Self Employed,Yes,1200000,5,1,No,No,0
381,29,Private Sector/Self Employed,Yes,1200000,5,0,No,No,0
382,31,Private Sector/Self Employed,Yes,1400000,6,0,No,Yes,1
384,33,Government Sector,Yes,600000,3,0,No,Yes,0
386,28,Private Sector/Self Employed,Yes,1350000,5,0,No,Yes,1
389,31,Private Sector/Self Employed,Yes,1350000,5,0,No,Yes,1
391,28,Government Sector,Yes,1200000,5,0,No,No,1
392,31,Private Sector/Self Employed,Yes,950000,4,1,No,No,1
393,29,Private Sector/Self Employed,Yes,1050000,3,0,Yes,No,0
394,28,Private Sector/Self Employed,Yes,1200000,4,0,No,No,1
395,32,Government Sector,Yes,800000,5,0,No,No,0
396,33,Government Sector,Yes,650000,6,1,No,No,1
397,25,Government Sector,Yes,750000,5,0,No,No,0
398,28,Private Sector/Self Employed,Yes,1250000,5,0,Yes,No,0
400,29,Private Sector/Self Employed,Yes,1200000,4,0,Yes,No,0
402,31,Private Sector/Self Employed,Yes,1250000,3,0,No,No,0
403,28,Private Sector/Self Employed,Yes,800000,8,1,No,No,0
405,32,Government Sector,Yes,850000,6,0,No,No,0
406,28,Private Sector/Self Employed,Yes,1200000,9,0,No,No,1
407,25,Private Sector/Self Employed,No,1700000,6,0,Yes,No,1
408,31,Government Sector,No,350000,2,0,No,No,0
409,28,Private Sector/Self Employed,Yes,700000,5,0,No,No,0
411,28,Government Sector,Yes,600000,6,0,No,No,0
412,28,Government Sector,Yes,300000,7,1,No,No,0
414,33,Private Sector/Self Employed,Yes,1400000,4,0,No,Yes,1
415,28,Government Sector,Yes,600000,5,0,No,No,0
416,31,Private Sector/Self Employed,Yes,1400000,7,0,No,Yes,1
417,31,Private Sector/Self Employed,Yes,1400000,3,0,Yes,Yes,1
418,34,Private Sector/Self Employed,Yes,1000000,3,1,No,No,0
420,34,Private Sector/Self Employed,Yes,1050000,5,0,No,No,0
422,34,Private Sector/Self Employed,Yes,1500000,7,1,Yes,Yes,1
423,25,Private Sector/Self Employed,Yes,1400000,5,0,No,Yes,1
424,29,Private Sector/Self Employed,Yes,1100000,7,1,Yes,No,1
426,25,Private Sector/Self Employed,Yes,500000,5,0,No,No,0
427,25,Private Sector/Self Employed,Yes,1400000,7,0,Yes,Yes,1
428,28,Private Sector/Self Employed,Yes,700000,5,1,No,No,0
429,32,Government Sector,Yes,350000,2,0,No,No,0
430,26,Private Sector/Self Employed,Yes,1300000,7,0,No,No,1
431,28,Private Sector/Self Employed,Yes,500000,6,0,No,No,0
434,34,Private Sector/Self Employed,Yes,1300000,7,0,No,No,1
435,34,Private Sector/Self Employed,Yes,1500000,4,1,Yes,Yes,1
436,28,Private Sector/Self Employed,Yes,1200000,4,1,No,Yes,0
437,27,Private Sector/Self Employed,No,800000,7,0,No,No,0
438,33,Government Sector,Yes,400000,5,1,No,No,0
439,28,Private Sector/Self Employed,Yes,800000,3,0,No,No,0
440,34,Private Sector/Self Employed,Yes,1000000,4,0,No,No,1
441,34,Private Sector/Self Employed,Yes,850000,5,0,No,No,1
442,29,Private Sector/Self Employed,Yes,1100000,9,0,No,No,0
443,25,Private Sector/Self Employed,No,1150000,6,0,No,No,1
444,28,Private Sector/Self Employed,Yes,700000,4,1,No,No,1
445,27,Government Sector,Yes,1050000,6,1,No,No,0
446,28,Private Sector/Self Employed,Yes,700000,2,0,No,No,0
447,29,Private Sector/Self Employed,Yes,500000,3,0,No,No,0
448,33,Private Sector/Self Employed,Yes,1500000,4,1,Yes,Yes,1
449,31,Private Sector/Self Employed,Yes,500000,3,1,No,No,1
450,31,Private Sector/Self Employed,Yes,1250000,6,0,No,Yes,0
452,34,Private Sector/Self Employed,Yes,1300000,4,1,No,No,1
453,31,Private Sector/Self Employed,Yes,1100000,3,0,No,No,0
455,35,Government Sector,Yes,1100000,4,0,No,No,0
456,26,Private Sector/Self Employed,Yes,1500000,5,1,Yes,Yes,1
458,26,Private Sector/Self Employed,Yes,750000,3,1,No,No,0
460,25,Private Sector/Self Employed,No,1350000,6,0,No,Yes,1
461,35,Government Sector,Yes,900000,4,1,No,No,1
462,26,Private Sector/Self Employed,Yes,1250000,6,1,No,No,0
463,33,Private Sector/Self Employed,Yes,750000,2,1,No,No,0
466,28,Private Sector/Self Employed,Yes,550000,4,0,No,No,0
467,26,Government Sector,Yes,500000,5,0,No,No,0
468,28,Private Sector/Self Employed,Yes,1200000,5,0,No,No,0
469,25,Private Sector/Self Employed,No,1700000,5,0,Yes,No,1
470,28,Private Sector/Self Employed,Yes,1300000,2,1,No,No,0
471,26,Private Sector/Self Employed,Yes,1250000,3,0,No,No,0
473,25,Private Sector/Self Employed,Yes,1400000,8,0,No,Yes,1
474,31,Private Sector/Self Employed,Yes,1100000,3,1,Yes,No,0
476,33,Private Sector/Self Employed,Yes,1400000,4,1,No,Yes,1
477,34,Private Sector/Self Employed,Yes,1500000,6,1,Yes,Yes,1
479,34,Government Sector,Yes,1300000,4,1,No,No,0
480,34,Private Sector/Self Employed,Yes,1050000,7,0,Yes,No,1
482,32,Government Sector,Yes,850000,9,0,No,No,0
484,33,Government Sector,Yes,800000,6,0,No,No,1
485,27,Private Sector/Self Employed,No,450000,4,0,No,No,0
486,33,Private Sector/Self Employed,Yes,550000,4,0,Yes,No,0
487,34,Private Sector/Self Employed,Yes,850000,4,0,No,No,1
489,30,Private Sector/Self Employed,No,800000,9,0,No,No,0
490,29,Private Sector/Self Employed,Yes,1200000,5,1,No,No,0
492,34,Private Sector/Self Employed,Yes,500000,3,0,No,No,0
493,29,Private Sector/Self Employed,Yes,1050000,7,0,No,No,0
494,34,Government Sector,Yes,1300000,5,1,No,Yes,0
495,31,Government Sector,Yes,1200000,4,0,No,No,0
496,26,Private Sector/Self Employed,Yes,600000,7,0,No,No,0
497,28,Private Sector/Self Employed,Yes,1200000,5,0,Yes,No,1
498,29,Private Sector/Self Employed,Yes,600000,5,0,No,No,0
500,26,Private Sector/Self Employed,Yes,1500000,4,0,Yes,Yes,1
502,28,Government Sector,Yes,300000,4,1,No,No,1
503,31,Government Sector,Yes,1300000,5,0,No,No,0
504,29,Private Sector/Self Employed,Yes,500000,4,0,No,No,0
506,28,Private Sector/Self Employed,Yes,600000,6,0,No,No,0
507,32,Government Sector,Yes,800000,2,1,No,No,0
508,28,Private Sector/Self Employed,Yes,900000,6,0,No,No,1
509,28,Private Sector/Self Employed,Yes,1450000,6,0,Yes,Yes,1
510,31,Private Sector/Self Employed,Yes,950000,5,0,No,No,0
511,31,Private Sector/Self Employed,Yes,1250000,3,0,No,Yes,0
512,29,Private Sector/Self Employed,Yes,1100000,5,0,Yes,No,0
513,27,Government Sector,Yes,850000,5,1,No,No,0
514,28,Private Sector/Self Employed,Yes,500000,4,0,No,No,1
515,27,Government Sector,Yes,850000,7,0,Yes,No,0
517,31,Private Sector/Self Employed,Yes,1250000,5,0,No,No,1
518,29,Private Sector/Self Employed,Yes,1350000,4,0,Yes,Yes,1
520,35,Government Sector,Yes,1100000,4,1,No,No,0
521,28,Private Sector/Self Employed,Yes,1100000,6,0,No,No,0
522,35,Private Sector/Self Employed,No,800000,6,1,No,No,1
524,32,Government Sector,Yes,800000,4,0,No,No,0
525,26,Private Sector/Self Employed,Yes,500000,9,0,No,No,0
526,31,Private Sector/Self Employed,Yes,1100000,4,1,No,No,0
528,25,Private Sector/Self Employed,No,1150000,5,0,No,No,0
529,28,Private Sector/Self Employed,Yes,1250000,4,0,Yes,No,0
530,29,Private Sector/Self Employed,Yes,900000,3,0,No,No,0
531,28,Private Sector/Self Employed,Yes,1150000,6,1,No,No,0
532,31,Government Sector,Yes,1300000,5,1,Yes,No,1
533,29,Private Sector/Self Employed,Yes,600000,3,0,No,No,0
534,27,Private Sector/Self Employed,No,450000,4,0,No,No,1
536,30,Private Sector/Self Employed,No,500000,3,0,No,No,0
537,29,Private Sector/Self Employed,Yes,600000,8,1,No,No,1
538,28,Private Sector/Self Employed,Yes,1150000,2,1,Yes,No,0
539,33,Government Sector,No,400000,4,0,No,No,0
540,26,Private Sector/Self Employed,Yes,1500000,3,0,Yes,Yes,1
542,27,Private Sector/Self Employed,No,600000,4,0,Yes,No,0
543,34,Private Sector/Self Employed,Yes,850000,3,1,No,No,0
544,31,Government Sector,No,400000,3,0,No,No,0
545,26,Private Sector/Self Employed,Yes,600000,6,1,No,No,0
546,28,Private Sector/Self Employed,Yes,550000,3,0,No,No,0
548,27,Government Sector,Yes,850000,5,0,No,No,0
549,28,Government Sector,No,300000,5,1,No,No,0
551,25,Private Sector/Self Employed,Yes,1400000,9,1,No,Yes,1
552,27,Government Sector,Yes,1050000,4,0,No,No,0
553,33,Private Sector/Self Employed,Yes,1400000,5,0,Yes,Yes,0
554,32,Government Sector,Yes,800000,6,0,No,No,0
555,26,Private Sector/Self Employed,Yes,1750000,4,0,No,No,0
556,33,Private Sector/Self Employed,Yes,550000,4,1,No,No,0
560,26,Private Sector/Self Employed,Yes,1400000,7,0,No,Yes,1
561,29,Private Sector/Self Employed,Yes,1050000,9,0,No,No,0
562,33,Government Sector,Yes,1000000,4,0,No,Yes,0
563,33,Private Sector/Self Employed,Yes,550000,3,1,No,No,1
564,29,Private Sector/Self Employed,Yes,900000,6,1,No,No,0
566,27,Government Sector,Yes,850000,3,0,No,Yes,0
567,35,Private Sector/Self Employed,No,800000,7,1,No,Yes,1
569,27,Government Sector,Yes,500000,4,1,No,No,0
570,25,Private Sector/Self Employed,No,1150000,5,1,No,No,0
571,32,Government Sector,Yes,850000,5,1,No,No,0
572,28,Private Sector/Self Employed,No,550000,5,0,No,No,0
573,27,Private Sector/Self Employed,No,350000,3,0,No,No,0
574,29,Private Sector/Self Employed,Yes,1150000,5,0,Yes,No,0
575,29,Private Sector/Self Employed,Yes,900000,6,0,Yes,No,1
576,31,Private Sector/Self Employed,Yes,1400000,3,0,No,Yes,1
577,27,Government Sector,Yes,500000,3,0,No,No,1
579,33,Government Sector,Yes,400000,3,0,No,No,0
582,29,Private Sector/Self Employed,Yes,1100000,3,0,No,No,0
583,29,Private Sector/Self Employed,Yes,500000,3,0,No,No,1
584,29,Private Sector/Self Employed,Yes,900000,5,0,No,No,0
585,34,Private Sector/Self Employed,No,1400000,7,1,No,Yes,1
586,28,Government Sector,Yes,300000,7,0,No,No,0
587,29,Private Sector/Self Employed,Yes,900000,9,1,No,No,1
589,26,Private Sector/Self Employed,Yes,1400000,3,0,No,Yes,1
590,28,Private Sector/Self Employed,Yes,500000,5,0,No,No,0
591,25,Private Sector/Self Employed,No,1150000,3,1,No,No,0
592,25,Private Sector/Self Employed,Yes,1700000,4,0,Yes,No,1
593,28,Government Sector,Yes,600000,4,0,No,No,0
594,33,Private Sector/Self Employed,Yes,550000,5,0,Yes,No,0
595,25,Private Sector/Self Employed,No,1150000,5,1,Yes,No,0
598,35,Private Sector/Self Employed,No,800000,6,0,Yes,No,1
599,34,Private Sector/Self Employed,Yes,700000,4,1,No,No,0
602,34,Private Sector/Self Employed,Yes,1500000,4,0,Yes,Yes,1
603,33,Private Sector/Self Employed,Yes,1400000,6,1,No,Yes,1
605,28,Private Sector/Self Employed,Yes,1250000,5,0,No,Yes,1
607,28,Private Sector/Self Employed,Yes,550000,8,1,No,No,0
608,28,Private Sector/Self Employed,Yes,800000,4,1,Yes,No,1
609,28,Private Sector/Self Employed,Yes,700000,7,1,Yes,Yes,1
610,31,Private Sector/Self Employed,Yes,900000,8,0,No,Yes,0
611,28,Private Sector/Self Employed,Yes,500000,6,1,No,No,0
612,28,Private Sector/Self Employed,Yes,550000,9,0,No,No,0
613,31,Private Sector/Self Employed,Yes,1250000,6,0,No,No,0
614,34,Private Sector/Self Employed,Yes,1000000,5,1,No,No,0
615,28,Government Sector,Yes,300000,3,1,No,No,0
616,27,Government Sector,Yes,750000,7,1,No,Yes,0
617,30,Private Sector/Self Employed,No,550000,5,0,Yes,No,1
618,31,Private Sector/Self Employed,Yes,1650000,2,0,Yes,No,1
619,35,Government Sector,Yes,1100000,6,0,No,No,1
620,29,Private Sector/Self Employed,Yes,1050000,4,0,Yes,No,0
621,28,Private Sector/Self Employed,Yes,650000,4,0,No,No,0
623,28,Private Sector/Self Employed,Yes,1100000,3,0,No,No,0
624,34,Private Sector/Self Employed,Yes,1000000,9,0,No,No,0
625,31,Private Sector/Self Employed,Yes,1750000,4,0,No,No,0
626,28,Private Sector/Self Employed,Yes,1100000,6,0,Yes,No,0
627,27,Government Sector,Yes,500000,6,0,No,No,0
628,28,Private Sector/Self Employed,Yes,1150000,9,0,No,No,0
629,25,Private Sector/Self Employed,No,600000,4,0,Yes,No,0
630,28,Private Sector/Self Employed,Yes,1100000,9,0,No,No,0
632,34,Private Sector/Self Employed,Yes,700000,3,0,No,No,0
633,28,Private Sector/Self Employed,Yes,700000,7,1,No,No,0
634,34,Private Sector/Self Employed,No,1300000,4,0,No,No,0
637,34,Private Sector/Self Employed,Yes,1300000,5,1,No,No,0
638,26,Government Sector,Yes,1450000,3,0,Yes,Yes,1
639,31,Private Sector/Self Employed,Yes,1250000,5,1,Yes,No,0
641,34,Private Sector/Self Employed,Yes,700000,5,1,No,Yes,0
642,26,Government Sector,Yes,500000,6,1,No,No,0
643,28,Private Sector/Self Employed,Yes,1100000,5,1,No,No,0
647,34,Private Sector/Self Employed,No,1300000,5,0,Yes,No,1
650,26,Private Sector/Self Employed,Yes,1400000,4,0,Yes,Yes,1
651,33,Private Sector/Self Employed,Yes,1400000,8,1,No,Yes,1
653,27,Government Sector,Yes,500000,7,0,No,No,0
654,32,Government Sector,Yes,1750000,6,0,No,No,0
656,31,Private Sector/Self Employed,Yes,500000,6,1,No,No,0
657,28,Private Sector/Self Employed,Yes,1200000,5,0,No,No,1
658,30,Private Sector/Self Employed,No,1450000,6,0,Yes,Yes,1
661,28,Government Sector,No,300000,5,0,No,No,0
662,26,Private Sector/Self Employed,Yes,500000,6,0,No,No,0
663,32,Government Sector,Yes,800000,6,1,No,No,1
665,28,Private Sector/Self Employed,Yes,1250000,6,0,Yes,No,0
667,26,Private Sector/Self Employed,Yes,1300000,4,1,No,Yes,0
668,33,Government Sector,Yes,1000000,5,0,Yes,No,0
669,26,Private Sector/Self Employed,Yes,600000,3,0,Yes,No,0
670,28,Private Sector/Self Employed,Yes,800000,4,1,No,No,0
671,29,Private Sector/Self Employed,Yes,1100000,3,1,No,No,0
672,27,Government Sector,Yes,1050000,2,1,No,No,0
674,27,Government Sector,Yes,850000,2,0,No,No,0
676,29,Private Sector/Self Employed,Yes,1200000,7,1,No,No,0
677,27,Private Sector/Self Employed,No,450000,7,0,No,No,0
680,29,Private Sector/Self Employed,Yes,1100000,4,1,No,Yes,1
681,28,Private Sector/Self Employed,Yes,1200000,4,0,No,No,0
686,33,Private Sector/Self Employed,Yes,1500000,3,0,Yes,Yes,1
690,33,Private Sector/Self Employed,Yes,1400000,8,0,No,Yes,0
691,31,Private Sector/Self Employed,Yes,950000,3,0,Yes,No,0
692,31,Government Sector,No,300000,6,0,No,No,0
693,27,Private Sector/Self Employed,No,800000,5,1,No,No,0
694,34,Government Sector,Yes,1100000,6,1,No,No,1
695,28,Private Sector/Self Employed,Yes,1150000,7,0,No,No,0
697,25,Private Sector/Self Employed,Yes,1400000,3,1,No,Yes,1
698,33,Private Sector/Self Employed,Yes,1200000,7,0,No,No,1
699,32,Government Sector,Yes,800000,3,1,Yes,No,0
700,28,Private Sector/Self Employed,Yes,1450000,4,0,Yes,Yes,1
701,29,Private Sector/Self Employed,Yes,1350000,7,1,No,Yes,1
702,28,Private Sector/Self Employed,Yes,500000,8,0,No,No,0
704,33,Government Sector,Yes,700000,8,0,No,No,1
708,34,Private Sector/Self Employed,Yes,1000000,3,0,No,No,0
710,26,Government Sector,Yes,1450000,3,1,Yes,Yes,1
711,34,Private Sector/Self Employed,Yes,1000000,8,0,No,No,1
712,28,Private Sector/Self Employed,Yes,1450000,9,0,Yes,Yes,1
713,28,Private Sector/Self Employed,Yes,1100000,2,1,No,No,1
716,29,Private Sector/Self Employed,Yes,1100000,7,0,No,No,1
718,27,Government Sector,Yes,900000,4,0,No,No,0
720,27,Government Sector,Yes,850000,2,0,No,Yes,0
721,34,Private Sector/Self Employed,Yes,1050000,4,0,No,No,0
722,33,Government Sector,Yes,400000,8,0,No,No,1
723,29,Private Sector/Self Employed,Yes,1050000,2,1,Yes,No,0
725,30,Private Sector/Self Employed,No,800000,4,0,No,No,1
727,34,Government Sector,Yes,1100000,7,1,No,No,1
728,28,Private Sector/Self Employed,Yes,1250000,6,0,No,Yes,0
729,27,Private Sector/Self Employed,No,600000,3,0,No,Yes,0
730,31,Private Sector/Self Employed,Yes,500000,6,0,No,No,1
733,27,Government Sector,Yes,900000,4,0,Yes,No,0
734,34,Private Sector/Self Employed,Yes,1050000,7,0,No,No,1
736,30,Private Sector/Self Employed,No,650000,7,0,No,No,0
738,28,Private Sector/Self Employed,Yes,800000,7,0,Yes,No,0
742,34,Private Sector/Self Employed,Yes,1050000,7,1,No,No,1
743,29,Private Sector/Self Employed,Yes,500000,6,0,No,No,0
744,29,Private Sector/Self Employed,Yes,1050000,5,1,No,Yes,0
745,28,Government Sector,Yes,600000,3,0,Yes,No,0
746,27,Government Sector,Yes,500000,3,1,No,No,0
748,28,Private Sector/Self Employed,Yes,650000,5,0,No,Yes,0
749,34,Government Sector,Yes,1300000,8,0,No,No,1
751,28,Private Sector/Self Employed,Yes,1350000,9,0,No,Yes,1
752,28,Private Sector/Self Employed,No,550000,6,0,No,No,1
753,33,Government Sector,Yes,1100000,4,1,No,No,0
756,28,Government Sector,No,300000,6,0,No,No,0
757,27,Government Sector,Yes,500000,6,1,No,No,0
759,34,Private Sector/Self Employed,Yes,700000,7,1,No,No,1
763,28,Government Sector,Yes,600000,4,1,No,No,0
764,27,Government Sector,Yes,500000,5,0,No,No,0
766,34,Private Sector/Self Employed,Yes,700000,3,1,No,No,0
771,29,Private Sector/Self Employed,Yes,500000,7,0,No,No,1
772,35,Private Sector/Self Employed,No,950000,3,0,No,No,0
773,31,Private Sector/Self Employed,Yes,950000,6,0,No,No,0
774,28,Private Sector/Self Employed,Yes,800000,5,0,Yes,No,0
775,32,Government Sector,Yes,350000,3,0,No,No,0
776,25,Private Sector/Self Employed,Yes,1400000,6,0,Yes,Yes,1
778,27,Government Sector,Yes,850000,6,0,No,No,0
780,31,Government Sector,Yes,400000,6,0,No,No,0
781,27,Government Sector,Yes,500000,5,0,No,No,1
783,29,Private Sector/Self Employed,Yes,1100000,7,0,No,No,0
784,31,Government Sector,Yes,1500000,5,1,Yes,Yes,1
785,29,Private Sector/Self Employed,Yes,1200000,7,0,No,Yes,0
786,29,Private Sector/Self Employed,Yes,500000,2,0,No,No,0
788,34,Private Sector/Self Employed,Yes,500000,7,0,No,No,0
789,28,Private Sector/Self Employed,Yes,750000,4,0,No,No,1
790,32,Government Sector,Yes,900000,4,1,No,No,1
791,35,Private Sector/Self Employed,No,800000,7,0,No,No,1
793,28,Private Sector/Self Employed,Yes,1150000,6,0,No,No,1
794,26,Government Sector,Yes,500000,7,1,No,No,0
798,34,Government Sector,Yes,1300000,5,1,No,No,1
799,31,Government Sector,Yes,1200000,3,0,No,No,0
801,31,Private Sector/Self Employed,Yes,500000,4,1,No,No,1
802,30,Private Sector/Self Employed,No,550000,5,1,No,No,1
803,29,Private Sector/Self Employed,Yes,1050000,7,1,No,No,0
804,27,Private Sector/Self Employed,No,350000,4,1,No,No,0
805,29,Private Sector/Self Employed,Yes,1050000,3,1,Yes,No,0
806,30,Private Sector/Self Employed,No,550000,5,0,No,No,0
808,34,Private Sector/Self Employed,Yes,1500000,6,0,Yes,Yes,1
809,30,Private Sector/Self Employed,No,1450000,5,1,Yes,Yes,1
810,29,Private Sector/Self Employed,Yes,600000,4,1,No,No,0
811,26,Private Sector/Self Employed,Yes,450000,3,0,No,No,0
812,33,Government Sector,Yes,1000000,4,1,No,No,0
813,30,Private Sector/Self Employed,No,550000,3,0,No,No,0
814,29,Private Sector/Self Employed,Yes,1050000,6,1,No,Yes,0
815,25,Private Sector/Self Employed,No,1700000,5,1,Yes,No,0
817,27,Government Sector,Yes,500000,4,0,No,No,1
818,28,Private Sector/Self Employed,Yes,900000,4,0,No,No,1
821,34,Private Sector/Self Employed,Yes,1000000,4,1,No,No,1
824,32,Government Sector,Yes,850000,4,0,No,No,0
825,29,Private Sector/Self Employed,Yes,900000,7,0,No,No,1
826,28,Private Sector/Self Employed,Yes,1150000,3,0,Yes,No,0
827,32,Government Sector,Yes,850000,7,1,No,No,1
829,26,Private Sector/Self Employed,Yes,600000,5,0,No,No,0
833,31,Government Sector,Yes,1500000,3,0,Yes,Yes,1
834,33,Private Sector/Self Employed,Yes,1400000,5,1,Yes,Yes,1
835,35,Private Sector/Self Employed,No,600000,9,0,No,No,0
837,29,Private Sector/Self Employed,Yes,1100000,7,0,Yes,No,0
839,26,Private Sector/Self Employed,Yes,1250000,4,0,No,No,1
840,28,Private Sector/Self Employed,Yes,1100000,3,0,No,No,1
844,33,Government Sector,Yes,1100000,2,0,No,No,0
845,28,Private Sector/Self Employed,Yes,750000,3,1,No,No,0
847,29,Private Sector/Self Employed,Yes,1050000,4,0,No,No,1
848,35,Government Sector,Yes,900000,6,1,No,No,0
850,32,Government Sector,Yes,850000,4,0,Yes,No,0
851,28,Private Sector/Self Employed,Yes,500000,5,0,No,No,1
854,32,Government Sector,Yes,850000,3,1,No,No,0
856,34,Private Sector/Self Employed,Yes,700000,7,0,No,No,1
857,28,Government Sector,Yes,600000,3,0,No,No,1
858,27,Government Sector,Yes,1050000,5,0,Yes,No,0
860,34,Private Sector/Self Employed,Yes,1000000,4,1,No,No,0
861,30,Private Sector/Self Employed,No,1450000,3,1,Yes,Yes,1
864,26,Private Sector/Self Employed,Yes,600000,6,0,Yes,No,0
866,31,Private Sector/Self Employed,Yes,1400000,3,1,No,Yes,1
867,33,Private Sector/Self Employed,Yes,750000,5,0,No,No,0
868,28,Government Sector,Yes,1200000,5,1,No,No,0
869,33,Private Sector/Self Employed,Yes,1400000,3,0,No,Yes,1
870,35,Private Sector/Self Employed,No,800000,2,0,No,Yes,0
871,25,Private Sector/Self Employed,No,1700000,5,1,Yes,Yes,0
872,27,Private Sector/Self Employed,No,1000000,3,0,No,No,0
873,32,Government Sector,Yes,350000,3,0,No,No,1
878,26,Private Sector/Self Employed,Yes,600000,4,0,No,No,0
882,26,Private Sector/Self Employed,Yes,600000,4,1,No,No,0
883,28,Private Sector/Self Employed,Yes,1350000,3,0,No,Yes,1
884,35,Government Sector,Yes,1100000,8,0,Yes,No,1
888,28,Private Sector/Self Employed,Yes,1250000,6,1,No,No,0
889,35,Private Sector/Self Employed,No,800000,3,1,No,No,0
891,29,Private Sector/Self Employed,Yes,1050000,5,1,No,No,0
892,29,Private Sector/Self Employed,Yes,1050000,4,0,No,No,0
893,31,Government Sector,Yes,400000,2,0,No,No,0
894,30,Private Sector/Self Employed,No,800000,5,0,No,No,1
895,28,Private Sector/Self Employed,Yes,600000,5,0,No,Yes,1
896,33,Government Sector,Yes,600000,4,0,No,No,0
897,31,Government Sector,Yes,1300000,5,1,No,No,0
900,29,Private Sector/Self Employed,Yes,1050000,3,1,Yes,No,1
901,33,Government Sector,Yes,700000,2,0,No,No,0
902,34,Private Sector/Self Employed,Yes,500000,7,1,No,No,1
905,28,Private Sector/Self Employed,Yes,550000,6,0,No,Yes,0
906,34,Government Sector,Yes,1300000,5,1,No,No,0
908,34,Private Sector/Self Employed,Yes,1300000,3,0,No,Yes,0
912,31,Private Sector/Self Employed,Yes,1400000,6,0,Yes,Yes,1
913,31,Private Sector/Self Employed,Yes,1400000,4,0,No,Yes,1
915,28,Government Sector,Yes,600000,2,0,Yes,No,0
916,26,Private Sector/Self Employed,Yes,1500000,6,0,Yes,Yes,1
918,33,Government Sector,Yes,1000000,7,1,No,No,1
920,32,Government Sector,Yes,650000,5,0,No,No,0
923,28,Private Sector/Self Employed,Yes,1100000,4,1,Yes,No,0
926,34,Private Sector/Self Employed,Yes,700000,5,0,No,No,1
928,26,Private Sector/Self Employed,Yes,450000,7,0,No,No,1
929,26,Private Sector/Self Employed,Yes,600000,5,0,No,No,1
931,28,Government Sector,Yes,1200000,6,1,No,No,0
932,27,Government Sector,Yes,1050000,5,1,No,No,1
933,28,Government Sector,Yes,600000,5,0,No,Yes,0
935,27,Private Sector/Self Employed,No,1550000,7,0,Yes,No,1
936,33,Government Sector,Yes,800000,3,0,No,No,0
937,28,Private Sector/Self Employed,Yes,1250000,4,0,No,No,0
938,28,Government Sector,Yes,1200000,8,0,Yes,No,1
939,31,Private Sector/Self Employed,Yes,500000,8,0,No,No,1
942,25,Private Sector/Self Employed,Yes,500000,6,0,No,No,0
944,33,Government Sector,Yes,600000,3,0,No,No,0
945,28,Private Sector/Self Employed,Yes,1200000,9,0,No,No,0
949,29,Private Sector/Self Employed,Yes,1200000,3,1,No,Yes,1
952,28,Private Sector/Self Employed,Yes,1450000,5,0,Yes,Yes,1
953,29,Private Sector/Self Employed,Yes,1750000,6,0,No,No,0
954,34,Private Sector/Self Employed,Yes,1000000,5,1,Yes,No,0
957,28,Private Sector/Self Employed,Yes,500000,5,1,No,No,0
958,27,Private Sector/Self Employed,No,350000,5,1,No,No,0
959,31,Private Sector/Self Employed,Yes,500000,6,0,No,No,0
961,28,Government Sector,No,300000,6,1,No,No,0
962,33,Government Sector,Yes,1000000,5,0,No,No,0
963,26,Private Sector/Self Employed,Yes,600000,6,1,No,No,1
964,33,Government Sector,Yes,400000,9,1,No,No,1
965,25,Private Sector/Self Employed,No,1150000,8,0,Yes,No,0
966,25,Private Sector/Self Employed,Yes,1700000,4,1,Yes,No,1
968,31,Private Sector/Self Employed,Yes,1250000,5,1,No,No,0
971,34,Private Sector/Self Employed,Yes,1050000,6,0,No,Yes,1
976,26,Private Sector/Self Employed,Yes,1300000,5,0,No,No,0
979,30,Private Sector/Self Employed,No,650000,4,0,No,No,0
981,27,Government Sector,Yes,750000,3,0,No,No,0
983,35,Private Sector/Self Employed,No,950000,6,0,Yes,No,1
984,28,Private Sector/Self Employed,Yes,550000,5,1,No,No,0
986,25,Private Sector/Self Employed,Yes,1400000,3,0,No,Yes,1
987,33,Private Sector/Self Employed,Yes,1400000,2,1,No,Yes,1
988,31,Private Sector/Self Employed,Yes,1750000,7,0,No,No,0
989,33,Government Sector,Yes,400000,7,1,No,No,1
990,29,Private Sector/Self Employed,Yes,600000,4,0,Yes,No,1
991,30,Private Sector/Self Employed,No,1450000,7,0,Yes,Yes,1
993,34,Private Sector/Self Employed,Yes,700000,2,0,Yes,No,0
994,28,Private Sector/Self Employed,Yes,550000,6,1,No,No,0
996,31,Private Sector/Self Employed,Yes,1400000,4,0,Yes,Yes,1
1001,26,Private Sector/Self Employed,Yes,1250000,5,0,No,No,1
1002,29,Private Sector/Self Employed,Yes,500000,8,0,No,No,0
1005,27,Private Sector/Self Employed,No,350000,4,0,No,No,0
1010,27,Government Sector,Yes,500000,8,0,No,No,0
1011,35,Private Sector/Self Employed,No,950000,9,0,No,No,1
1014,26,Government Sector,Yes,550000,5,0,No,No,1
1018,31,Government Sector,Yes,400000,7,0,No,No,0
1019,27,Government Sector,Yes,850000,4,1,Yes,Yes,1
1021,28,Private Sector/Self Employed,Yes,1150000,4,0,No,No,1
1022,27,Government Sector,Yes,850000,5,0,Yes,No,0
1024,32,Government Sector,Yes,800000,9,0,No,Yes,1
1025,31,Government Sector,Yes,1300000,4,1,No,No,1
1027,25,Private Sector/Self Employed,No,1150000,5,0,Yes,No,0
1031,29,Private Sector/Self Employed,Yes,1200000,9,0,No,No,0
1032,32,Government Sector,Yes,850000,3,0,No,No,1
1034,25,Private Sector/Self Employed,Yes,1400000,3,0,Yes,Yes,1
1036,28,Private Sector/Self Employed,Yes,750000,5,0,No,No,0
1038,30,Private Sector/Self Employed,No,550000,4,0,No,No,1
1040,32,Government Sector,Yes,850000,3,0,Yes,No,1
1041,26,Private Sector/Self Employed,Yes,500000,2,1,No,No,0
1042,31,Private Sector/Self Employed,Yes,500000,2,0,No,No,0
1047,31,Private Sector/Self Employed,Yes,1350000,4,0,No,Yes,1
1048,25,Private Sector/Self Employed,Yes,500000,5,1,No,No,0
1049,29,Private Sector/Self Employed,Yes,900000,7,0,No,No,0
1050,33,Government Sector,Yes,1100000,2,1,No,Yes,0
1051,25,Private Sector/Self Employed,No,600000,4,0,Yes,Yes,0
1053,34,Private Sector/Self Employed,Yes,1050000,4,0,No,No,1
1057,28,Private Sector/Self Employed,Yes,700000,6,1,No,No,0
1058,27,Government Sector,Yes,900000,6,0,Yes,Yes,0
1059,32,Government Sector,Yes,350000,4,0,No,No,0
1060,35,Private Sector/Self Employed,No,950000,5,1,No,No,0
1062,32,Government Sector,Yes,650000,4,0,No,No,0
1063,28,Private Sector/Self Employed,Yes,1200000,6,0,No,No,0
1065,28,Government Sector,No,300000,7,1,No,No,0
1066,29,Private Sector/Self Employed,Yes,1200000,5,1,No,No,1
1067,34,Private Sector/Self Employed,Yes,700000,4,0,Yes,No,1
1068,27,Government Sector,Yes,500000,4,1,No,No,1
1070,33,Government Sector,Yes,800000,5,1,No,No,0
1071,27,Government Sector,Yes,750000,8,0,No,No,0
1073,28,Private Sector/Self Employed,Yes,500000,7,0,No,No,0
1074,34,Private Sector/Self Employed,Yes,1500000,5,1,Yes,Yes,0
1075,32,Government Sector,Yes,650000,5,0,Yes,No,0
1080,28,Private Sector/Self Employed,Yes,700000,7,0,No,No,0
1081,26,Government Sector,Yes,1450000,5,0,Yes,Yes,1
1082,29,Private Sector/Self Employed,Yes,1200000,8,1,No,No,0
1087,31,Government Sector,Yes,1200000,7,1,No,No,0
1088,28,Private Sector/Self Employed,Yes,1250000,9,1,No,No,0
1090,29,Private Sector/Self Employed,Yes,1100000,5,1,No,No,0
1091,34,Private Sector/Self Employed,Yes,1500000,9,0,Yes,Yes,1
1092,31,Government Sector,Yes,1500000,7,0,Yes,Yes,1
1094,34,Private Sector/Self Employed,Yes,700000,5,1,No,No,0
1095,34,Government Sector,Yes,1100000,9,0,No,No,1
1096,30,Private Sector/Self Employed,No,1450000,7,1,Yes,Yes,1
1097,28,Government Sector,Yes,600000,8,0,Yes,No,0
1100,27,Private Sector/Self Employed,No,450000,3,0,No,No,1
1101,34,Private Sector/Self Employed,Yes,500000,4,0,No,No,0
1105,26,Government Sector,Yes,1450000,7,0,Yes,Yes,1
1108,35,Private Sector/Self Employed,No,950000,3,0,Yes,No,1
1109,25,Private Sector/Self Employed,Yes,1400000,4,1,Yes,Yes,1
1110,29,Private Sector/Self Employed,Yes,1100000,4,0,No,Yes,0
1113,33,Government Sector,Yes,400000,5,0,No,No,0
1114,33,Government Sector,Yes,1000000,3,0,No,Yes,0
1115,34,Private Sector/Self Employed,Yes,700000,2,0,No,No,0
1116,28,Government Sector,Yes,600000,9,0,Yes,No,1
1118,33,Government Sector,Yes,1100000,2,0,Yes,No,0
1119,28,Government Sector,Yes,300000,6,1,No,No,0
1122,34,Private Sector/Self Employed,Yes,700000,5,0,Yes,No,1
1123,25,Private Sector/Self Employed,Yes,1800000,6,1,Yes,No,1
1127,30,Private Sector/Self Employed,No,650000,6,0,Yes,No,0
1128,33,Government Sector,Yes,700000,4,0,No,No,0
1129,26,Private Sector/Self Employed,Yes,1500000,2,0,Yes,Yes,1
1130,28,Private Sector/Self Employed,Yes,550000,5,0,Yes,No,0
1132,34,Government Sector,Yes,1300000,4,0,No,No,1
1133,35,Government Sector,Yes,1100000,3,1,No,No,1
1134,31,Private Sector/Self Employed,Yes,1250000,7,0,No,No,1
1135,28,Private Sector/Self Employed,Yes,1100000,7,1,No,No,1
1136,27,Private Sector/Self Employed,No,600000,6,0,No,No,1
1138,28,Private Sector/Self Employed,Yes,900000,6,1,Yes,No,0
1139,26,Private Sector/Self Employed,Yes,500000,4,0,No,No,0
1140,28,Private Sector/Self Employed,Yes,750000,4,0,Yes,Yes,0
1141,33,Private Sector/Self Employed,Yes,750000,4,1,No,No,0
1142,27,Government Sector,Yes,750000,6,0,No,No,0
1148,28,Private Sector/Self Employed,Yes,700000,5,0,Yes,No,0
1150,28,Private Sector/Self Employed,Yes,600000,3,0,No,No,1
1155,28,Government Sector,Yes,600000,4,0,Yes,No,1
1156,28,Private Sector/Self Employed,Yes,1300000,6,0,No,No,1
1157,28,Private Sector/Self Employed,Yes,800000,5,1,No,No,1
1160,29,Private Sector/Self Employed,Yes,1050000,3,1,No,No,0
1162,34,Private Sector/Self Employed,No,1400000,4,0,No,Yes,1
1165,28,Private Sector/Self Employed,Yes,1150000,2,0,No,No,1
1168,28,Government Sector,Yes,600000,3,0,No,No,0
1170,34,Government Sector,Yes,1300000,5,0,No,No,0
1171,31,Government Sector,Yes,400000,4,0,No,No,0
1172,28,Private Sector/Self Employed,Yes,900000,4,1,No,No,1
1173,32,Government Sector,Yes,850000,7,0,No,Yes,1
1174,30,Private Sector/Self Employed,No,800000,4,1,Yes,No,0
1175,33,Government Sector,Yes,400000,4,1,No,No,0
1176,34,Private Sector/Self Employed,No,1300000,5,0,No,No,0
1177,34,Private Sector/Self Employed,Yes,700000,2,1,Yes,No,0
1178,28,Private Sector/Self Employed,Yes,800000,4,0,No,No,1
1183,29,Private Sector/Self Employed,Yes,1100000,4,1,No,No,0
1186,31,Private Sector/Self Employed,Yes,900000,3,1,No,No,0
1187,29,Private Sector/Self Employed,Yes,1200000,6,1,No,No,0
1188,26,Private Sector/Self Employed,Yes,500000,5,0,No,No,0
1189,34,Private Sector/Self Employed,No,1300000,3,0,No,No,0
1192,33,Government Sector,Yes,1100000,3,0,No,No,1
1193,34,Private Sector/Self Employed,No,950000,3,0,No,No,0
1197,25,Private Sector/Self Employed,Yes,1700000,5,1,Yes,No,1
1199,28,Government Sector,Yes,1200000,7,1,No,No,0
1201,28,Private Sector/Self Employed,Yes,650000,5,0,Yes,No,0
1204,28,Private Sector/Self Employed,Yes,800000,3,1,No,No,1
1205,33,Government Sector,Yes,700000,3,0,No,No,0
1207,26,Private Sector/Self Employed,Yes,450000,6,0,No,No,0
1208,31,Government Sector,Yes,1200000,9,0,No,No,0
1209,34,Private Sector/Self Employed,Yes,1500000,5,1,Yes,Yes,1
1213,25,Government Sector,Yes,750000,2,0,No,Yes,1
1214,31,Government Sector,Yes,1200000,2,1,No,No,0
1216,27,Private Sector/Self Employed,No,800000,6,0,No,No,1
1220,28,Private Sector/Self Employed,Yes,1100000,5,0,No,No,0
1222,29,Private Sector/Self Employed,Yes,1350000,3,1,Yes,Yes,0
1223,33,Private Sector/Self Employed,Yes,550000,5,1,No,No,0
1224,33,Private Sector/Self Employed,Yes,1400000,7,0,No,Yes,1
1225,31,Government Sector,No,350000,3,1,No,No,0
1229,33,Government Sector,Yes,400000,9,0,No,No,1
1232,31,Government Sector,No,350000,4,1,No,No,0
1233,27,Government Sector,Yes,1050000,5,1,No,No,0
1235,28,Government Sector,Yes,1200000,3,0,No,No,0
1237,31,Private Sector/Self Employed,Yes,900000,7,0,No,Yes,0
1241,33,Government Sector,Yes,1100000,8,0,No,No,1
1242,28,Private Sector/Self Employed,Yes,700000,3,1,No,Yes,0
1243,33,Government Sector,Yes,700000,6,1,No,No,1
1244,25,Private Sector/Self Employed,No,1150000,3,1,No,Yes,0
1247,26,Private Sector/Self Employed,Yes,500000,7,0,No,No,0
1251,28,Private Sector/Self Employed,Yes,500000,5,1,No,No,1
1254,34,Private Sector/Self Employed,Yes,700000,8,0,No,No,1
1258,34,Government Sector,Yes,1300000,7,1,No,No,1
1259,33,Government Sector,Yes,400000,6,0,No,No,1
1261,33,Government Sector,Yes,800000,6,1,No,No,1
1263,28,Government Sector,Yes,600000,7,1,No,No,0
1268,33,Government Sector,Yes,1000000,5,0,No,Yes,1
1271,25,Private Sector/Self Employed,Yes,500000,4,1,No,No,1
1272,33,Government Sector,Yes,650000,3,0,No,No,1
1275,29,Private Sector/Self Employed,Yes,600000,6,0,No,No,0
1278,30,Private Sector/Self Employed,No,550000,3,0,No,No,1
1279,29,Private Sector/Self Employed,Yes,1200000,5,0,Yes,No,1
1281,29,Government Sector,Yes,600000,4,0,No,No,0
1283,28,Private Sector/Self Employed,Yes,900000,2,0,Yes,No,0
1289,28,Private Sector/Self Employed,Yes,800000,2,0,No,No,0
1290,31,Private Sector/Self Employed,Yes,1400000,5,0,Yes,Yes,1
1292,33,Government Sector,Yes,650000,9,1,No,No,0
1294,28,Private Sector/Self Employed,Yes,600000,4,0,No,No,0
1295,35,Government Sector,Yes,900000,7,1,Yes,No,1
1298,27,Government Sector,Yes,500000,2,1,No,No,1
1301,28,Private Sector/Self Employed,No,550000,3,0,No,No,0
1302,28,Private Sector/Self Employed,No,550000,3,0,No,No,1
1304,34,Private Sector/Self Employed,Yes,1050000,5,0,No,No,1
1305,29,Private Sector/Self Employed,Yes,900000,5,0,No,No,1
1307,28,Private Sector/Self Employed,Yes,900000,3,0,No,No,0
1308,31,Private Sector/Self Employed,Yes,1250000,7,1,No,No,0
1311,28,Private Sector/Self Employed,Yes,800000,3,0,No,No,1
1318,31,Private Sector/Self Employed,Yes,1350000,3,1,No,Yes,1
1321,31,Government Sector,No,300000,7,0,No,No,0
1323,34,Private Sector/Self Employed,Yes,1750000,5,0,No,No,0
1326,34,Private Sector/Self Employed,Yes,700000,5,0,No,No,0
1330,33,Government Sector,Yes,1100000,4,0,No,No,0
1334,25,Government Sector,Yes,750000,3,0,No,Yes,1
1335,25,Government Sector,Yes,750000,5,1,Yes,No,0
1347,28,Private Sector/Self Employed,Yes,1300000,3,0,No,No,0
1348,33,Government Sector,Yes,800000,4,0,No,No,0
1350,33,Government Sector,Yes,700000,3,1,No,No,1
1353,33,Private Sector/Self Employed,Yes,1200000,2,0,No,No,0
1354,26,Private Sector/Self Employed,Yes,1400000,9,1,No,Yes,1
1355,30,Private Sector/Self Employed,No,650000,6,0,Yes,No,1
1356,30,Private Sector/Self Employed,No,550000,3,0,Yes,Yes,0
1357,30,Private Sector/Self Employed,No,550000,7,0,No,No,0
1359,32,Government Sector,Yes,850000,9,0,Yes,No,1
1360,34,Private Sector/Self Employed,Yes,1300000,2,0,No,No,0
1362,28,Private Sector/Self Employed,Yes,700000,2,1,No,No,1
1364,29,Private Sector/Self Employed,Yes,350000,6,1,No,No,0
1365,34,Private Sector/Self Employed,No,750000,3,0,Yes,No,0
1366,31,Government Sector,No,1750000,2,0,No,No,0
1367,27,Government Sector,Yes,850000,5,0,No,No,1
1368,29,Private Sector/Self Employed,Yes,1350000,6,0,No,Yes,1
1369,34,Private Sector/Self Employed,No,750000,4,0,Yes,No,0
1371,28,Government Sector,Yes,1200000,4,0,No,No,1
1372,33,Private Sector/Self Employed,Yes,550000,5,1,No,No,1
1373,28,Private Sector/Self Employed,Yes,650000,4,0,Yes,No,0
1376,27,Government Sector,Yes,750000,3,1,No,No,0
1378,34,Government Sector,Yes,1300000,2,1,No,No,0
1379,35,Private Sector/Self Employed,No,800000,3,0,Yes,No,0
1381,25,Private Sector/Self Employed,Yes,1400000,4,1,No,Yes,1
1382,28,Private Sector/Self Employed,Yes,1400000,4,0,No,Yes,1
1383,25,Private Sector/Self Employed,Yes,1400000,2,1,No,Yes,1
1384,34,Private Sector/Self Employed,Yes,1000000,4,0,Yes,No,0
1386,28,Private Sector/Self Employed,Yes,500000,4,0,No,No,0
1387,30,Private Sector/Self Employed,No,650000,6,1,No,No,1
1390,32,Government Sector,Yes,900000,5,0,No,No,0
1391,31,Private Sector/Self Employed,Yes,1400000,4,1,No,Yes,0
1392,27,Government Sector,Yes,1050000,2,0,No,No,1
1393,33,Government Sector,Yes,1000000,4,0,Yes,Yes,0
1394,30,Private Sector/Self Employed,No,650000,3,1,No,No,0
1395,35,Government Sector,Yes,1100000,2,1,No,No,0
1396,32,Government Sector,Yes,350000,5,1,No,No,0
1397,28,Private Sector/Self Employed,Yes,900000,9,1,No,Yes,0
1399,25,Private Sector/Self Employed,No,600000,3,1,No,No,0
1400,29,Private Sector/Self Employed,Yes,1050000,6,1,Yes,No,0
1403,28,Private Sector/Self Employed,Yes,750000,2,0,No,No,1
1405,28,Government Sector,Yes,600000,8,0,No,No,0
1408,33,Government Sector,Yes,700000,7,0,No,No,1
1409,28,Private Sector/Self Employed,Yes,1200000,3,0,No,No,1
1410,28,Private Sector/Self Employed,Yes,550000,8,0,No,No,0
1411,29,Private Sector/Self Employed,Yes,1200000,3,1,No,No,1
1412,26,Private Sector/Self Employed,Yes,500000,4,1,No,No,1
1415,31,Government Sector,Yes,1300000,3,1,No,No,1
1419,27,Government Sector,Yes,1050000,5,0,No,No,0
1421,31,Private Sector/Self Employed,Yes,1350000,3,1,Yes,Yes,1
1423,33,Private Sector/Self Employed,Yes,550000,8,0,No,No,0
1424,31,Government Sector,Yes,400000,9,0,No,No,0
1429,32,Government Sector,Yes,650000,3,0,No,No,1
1430,25,Private Sector/Self Employed,Yes,1400000,6,0,No,Yes,1
1432,28,Private Sector/Self Employed,Yes,700000,3,0,No,No,1
1434,34,Private Sector/Self Employed,Yes,1750000,3,0,Yes,No,0
1435,34,Private Sector/Self Employed,Yes,500000,4,0,No,No,1
1436,31,Private Sector/Self Employed,Yes,900000,5,0,No,No,0
1437,30,Private Sector/Self Employed,No,500000,7,0,No,No,1
1438,32,Government Sector,Yes,850000,3,0,Yes,No,0
1440,34,Private Sector/Self Employed,Yes,850000,5,0,No,No,0
1442,26,Private Sector/Self Employed,Yes,500000,2,0,No,No,0
1443,29,Private Sector/Self Employed,Yes,1200000,7,1,No,No,1
1444,31,Private Sector/Self Employed,Yes,900000,6,0,No,No,0
1446,29,Private Sector/Self Employed,Yes,500000,5,0,No,No,1
1447,31,Government Sector,No,300000,3,1,No,No,0
1448,32,Government Sector,Yes,800000,4,1,No,No,0
1451,25,Private Sector/Self Employed,No,1150000,4,1,No,No,0
1453,30,Private Sector/Self Employed,No,550000,3,1,No,No,0
1454,27,Government Sector,Yes,1050000,7,1,No,No,0
1457,25,Private Sector/Self Employed,No,600000,3,0,No,No,1
1461,31,Government Sector,No,400000,8,0,No,No,0
1462,28,Private Sector/Self Employed,Yes,500000,3,1,No,No,0
1465,35,Private Sector/Self Employed,No,950000,2,1,No,No,0
1467,32,Government Sector,Yes,850000,5,1,Yes,No,0
1468,31,Private Sector/Self Employed,Yes,1250000,6,1,No,No,0
1471,35,Government Sector,Yes,1100000,3,0,No,No,1
1474,28,Government Sector,Yes,300000,5,1,No,No,0
1476,33,Private Sector/Self Employed,Yes,1750000,6,0,No,No,1
1478,28,Government Sector,Yes,1100000,4,1,No,No,0
1480,27,Government Sector,Yes,750000,4,0,Yes,No,0
1482,33,Government Sector,Yes,700000,4,0,No,Yes,0
1491,26,Private Sector/Self Employed,Yes,1400000,7,1,Yes,Yes,1
1492,27,Private Sector/Self Employed,No,1000000,6,0,No,No,0
1494,25,Government Sector,Yes,750000,6,0,No,No,1
1495,29,Private Sector/Self Employed,Yes,600000,4,0,No,No,1
1500,25,Private Sector/Self Employed,Yes,1750000,3,0,No,Yes,1
1502,28,Private Sector/Self Employed,Yes,750000,6,1,No,No,0
1504,34,Private Sector/Self Employed,Yes,850000,2,0,No,No,0
1508,25,Private Sector/Self Employed,No,1700000,5,0,Yes,Yes,1
1509,28,Private Sector/Self Employed,Yes,1300000,4,1,No,No,0
1515,32,Government Sector,Yes,350000,3,1,No,No,0
1516,34,Government Sector,Yes,1300000,2,0,No,No,0
1518,31,Private Sector/Self Employed,Yes,1250000,6,0,No,No,1
1519,28,Government Sector,Yes,300000,6,0,No,No,1
1521,29,Private Sector/Self Employed,Yes,1350000,5,0,No,Yes,1
1524,29,Private Sector/Self Employed,Yes,1200000,3,0,No,No,0
1528,28,Private Sector/Self Employed,Yes,750000,2,0,No,No,0
1529,31,Private Sector/Self Employed,Yes,1250000,4,0,No,No,1
1533,33,Government Sector,Yes,600000,8,0,No,No,1
1534,33,Government Sector,Yes,1750000,6,0,No,No,1
1535,33,Government Sector,Yes,650000,5,0,Yes,No,1
1536,26,Private Sector/Self Employed,Yes,600000,7,1,No,No,0
1537,29,Private Sector/Self Employed,Yes,500000,4,0,No,No,1
1539,33,Private Sector/Self Employed,Yes,550000,7,1,Yes,No,1
1540,34,Government Sector,Yes,1100000,4,0,No,No,0
1544,29,Private Sector/Self Employed,Yes,1200000,8,0,No,No,0
1545,34,Private Sector/Self Employed,No,1400000,3,0,Yes,Yes,1
1546,30,Private Sector/Self Employed,No,550000,2,1,No,No,0
1550,28,Private Sector/Self Employed,Yes,1200000,7,0,No,No,0
1551,28,Private Sector/Self Employed,Yes,1300000,6,0,No,No,0
1553,28,Private Sector/Self Employed,Yes,1450000,3,0,Yes,Yes,1
1554,31,Private Sector/Self Employed,Yes,900000,5,0,Yes,No,0
1557,32,Government Sector,Yes,800000,7,0,No,No,0
1559,34,Private Sector/Self Employed,Yes,1050000,3,1,No,No,0
1562,29,Private Sector/Self Employed,Yes,1100000,4,0,No,No,1
1566,34,Private Sector/Self Employed,Yes,1500000,3,1,Yes,Yes,1
1567,33,Private Sector/Self Employed,Yes,1500000,5,0,Yes,Yes,1
1570,28,Private Sector/Self Employed,Yes,700000,5,0,No,Yes,0
1573,33,Government Sector,Yes,650000,4,1,No,No,0
1574,28,Private Sector/Self Employed,No,550000,7,0,No,No,0
1576,28,Private Sector/Self Employed,Yes,1100000,4,0,No,No,1
1577,28,Government Sector,No,300000,4,0,No,No,0
1579,28,Private Sector/Self Employed,Yes,1200000,3,1,Yes,No,0
1581,33,Private Sector/Self Employed,Yes,550000,6,0,No,No,1
1582,31,Private Sector/Self Employed,Yes,900000,4,0,No,No,0
1588,31,Private Sector/Self Employed,Yes,900000,5,1,Yes,No,0
1589,25,Private Sector/Self Employed,Yes,1400000,4,0,Yes,Yes,1
1590,30,Private Sector/Self Employed,No,550000,5,0,Yes,No,0
1593,26,Private Sector/Self Employed,Yes,500000,8,0,No,No,0
1594,25,Private Sector/Self Employed,Yes,1400000,5,1,No,Yes,1
1598,32,Government Sector,Yes,650000,5,1,No,No,0
1600,28,Government Sector,Yes,300000,7,0,No,No,1
1605,26,Private Sector/Self Employed,Yes,450000,4,0,No,No,0
1607,29,Private Sector/Self Employed,Yes,350000,8,1,No,No,1
1611,26,Private Sector/Self Employed,Yes,1400000,6,1,No,Yes,1
1613,28,Private Sector/Self Employed,Yes,550000,4,0,Yes,No,0
1615,30,Private Sector/Self Employed,No,650000,5,0,No,No,0
1616,27,Government Sector,Yes,500000,2,0,No,No,1
1617,28,Private Sector/Self Employed,Yes,1150000,7,1,No,No,0
1619,25,Government Sector,Yes,750000,6,0,No,No,0
1621,31,Private Sector/Self Employed,Yes,900000,4,1,No,No,0
1622,34,Private Sector/Self Employed,Yes,1000000,9,0,No,No,1
1624,25,Private Sector/Self Employed,No,1150000,6,1,No,No,1
1625,28,Government Sector,Yes,300000,3,1,No,No,1
1626,26,Private Sector/Self Employed,Yes,600000,3,0,No,No,0
1628,29,Private Sector/Self Employed,Yes,1150000,4,1,No,No,0
1630,31,Private Sector/Self Employed,Yes,900000,4,1,No,No,1
1631,33,Government Sector,Yes,1000000,3,0,No,No,0
1633,25,Private Sector/Self Employed,No,1150000,3,0,Yes,No,0
1635,31,Private Sector/Self Employed,Yes,1250000,5,0,No,No,0
1636,28,Private Sector/Self Employed,Yes,1400000,4,0,Yes,Yes,0
1637,35,Private Sector/Self Employed,No,800000,5,0,No,Yes,1
1638,29,Private Sector/Self Employed,Yes,1200000,4,0,No,No,1
1640,26,Private Sector/Self Employed,Yes,600000,6,0,No,No,0
1644,28,Private Sector/Self Employed,Yes,1100000,7,0,No,No,1
1646,28,Private Sector/Self Employed,Yes,1250000,3,1,No,No,1
1647,34,Private Sector/Self Employed,Yes,850000,5,1,Yes,No,0
1650,25,Private Sector/Self Employed,Yes,1800000,4,1,Yes,No,1
1652,34,Government Sector,Yes,1100000,7,1,Yes,No,1
1653,26,Private Sector/Self Employed,Yes,500000,5,1,No,No,1
1654,25,Private Sector/Self Employed,Yes,1400000,5,1,Yes,Yes,1
1658,35,Private Sector/Self Employed,No,950000,6,0,No,Yes,0
1660,29,Private Sector/Self Employed,Yes,1200000,5,0,No,No,1
1662,28,Private Sector/Self Employed,Yes,550000,6,0,Yes,No,0
1663,28,Private Sector/Self Employed,Yes,1250000,3,0,No,No,0
1664,25,Private Sector/Self Employed,No,1150000,4,0,Yes,No,0
1665,31,Government Sector,No,300000,5,0,No,No,0
1666,34,Private Sector/Self Employed,No,1300000,6,0,No,No,1
1668,29,Private Sector/Self Employed,Yes,350000,9,0,No,No,0
1670,34,Private Sector/Self Employed,Yes,1050000,8,1,No,No,1
1671,29,Private Sector/Self Employed,Yes,1350000,8,0,No,Yes,1
1673,28,Private Sector/Self Employed,Yes,700000,3,0,No,No,0
1674,34,Private Sector/Self Employed,No,950000,3,0,Yes,No,0
1675,33,Private Sector/Self Employed,Yes,750000,7,1,No,No,1
1676,27,Government Sector,Yes,1050000,7,0,No,No,1
1678,31,Private Sector/Self Employed,Yes,1350000,7,0,Yes,Yes,1
1680,31,Government Sector,Yes,1300000,8,0,No,No,0
1685,28,Private Sector/Self Employed,Yes,750000,5,1,Yes,No,0
1686,28,Private Sector/Self Employed,Yes,800000,6,0,No,Yes,0
1688,31,Private Sector/Self Employed,Yes,1250000,8,0,No,No,0
1690,35,Private Sector/Self Employed,No,800000,6,1,No,Yes,1
1692,29,Private Sector/Self Employed,Yes,1100000,6,0,Yes,No,0
1693,31,Government Sector,Yes,1300000,2,0,Yes,No,1
1696,28,Private Sector/Self Employed,Yes,800000,2,1,No,No,0
1700,28,Private Sector/Self Employed,Yes,800000,6,1,No,No,0
1702,27,Government Sector,Yes,1050000,2,0,No,No,0
1703,31,Private Sector/Self Employed,Yes,900000,5,1,No,No,0
1704,26,Private Sector/Self Employed,Yes,1400000,3,1,No,Yes,0
1706,33,Government Sector,Yes,400000,6,0,No,No,0
1708,26,Private Sector/Self Employed,Yes,1250000,3,1,No,No,1
1718,34,Private Sector/Self Employed,Yes,700000,3,0,No,No,1
1720,29,Private Sector/Self Employed,Yes,1100000,2,0,No,No,0
1721,30,Private Sector/Self Employed,No,1450000,2,1,Yes,Yes,1
1724,28,Private Sector/Self Employed,Yes,900000,4,0,Yes,No,1
1729,35,Government Sector,Yes,900000,7,0,No,No,1
1731,31,Private Sector/Self Employed,Yes,500000,5,0,No,No,0
1732,29,Private Sector/Self Employed,Yes,1200000,3,0,No,Yes,0
1734,34,Private Sector/Self Employed,Yes,1050000,4,1,No,No,0
1735,34,Private Sector/Self Employed,Yes,500000,6,0,No,No,0
1736,33,Private Sector/Self Employed,Yes,750000,8,1,No,No,1
1737,27,Government Sector,Yes,1050000,7,0,No,No,0
1738,29,Private Sector/Self Employed,Yes,1200000,8,0,Yes,No,0
1743,35,Private Sector/Self Employed,No,950000,4,0,No,No,1
1744,28,Private Sector/Self Employed,No,550000,6,1,No,No,0
1745,34,Private Sector/Self Employed,Yes,850000,4,0,No,Yes,0
1748,28,Private Sector/Self Employed,Yes,1100000,4,0,Yes,No,0
1749,33,Government Sector,Yes,1100000,4,1,No,Yes,0
1752,26,Government Sector,Yes,500000,5,1,No,No,0
1753,33,Government Sector,Yes,600000,7,0,No,No,1
1754,30,Private Sector/Self Employed,No,1450000,4,1,Yes,Yes,1
1755,34,Private Sector/Self Employed,Yes,850000,5,1,No,No,0
1756,29,Private Sector/Self Employed,Yes,900000,3,0,No,No,1
1757,25,Private Sector/Self Employed,No,1150000,7,0,No,No,0
1758,26,Government Sector,Yes,500000,6,0,No,No,0
1759,25,Government Sector,Yes,750000,2,0,Yes,No,0
1761,30,Private Sector/Self Employed,No,500000,7,1,No,No,0
1762,28,Private Sector/Self Employed,Yes,1300000,5,1,Yes,No,0
1764,32,Government Sector,Yes,900000,5,0,Yes,No,0
1765,34,Private Sector/Self Employed,Yes,1300000,6,1,No,No,1
1766,26,Government Sector,Yes,550000,4,0,No,No,0
1767,35,Private Sector/Self Employed,No,800000,4,0,No,No,1
1768,28,Private Sector/Self Employed,Yes,650000,3,0,No,No,0
1772,28,Private Sector/Self Employed,Yes,1150000,8,0,Yes,No,0
1777,34,Private Sector/Self Employed,Yes,700000,4,1,Yes,No,0
1778,28,Private Sector/Self Employed,Yes,750000,4,0,Yes,No,0
1781,29,Private Sector/Self Employed,Yes,600000,5,1,No,No,0
1782,34,Private Sector/Self Employed,Yes,850000,4,0,No,No,0
1783,29,Private Sector/Self Employed,Yes,1200000,9,0,No,No,1
1784,34,Private Sector/Self Employed,Yes,700000,4,0,No,No,1
1785,25,Private Sector/Self Employed,No,1150000,2,0,No,Yes,0
1786,31,Private Sector/Self Employed,Yes,950000,4,0,No,No,0
1788,26,Private Sector/Self Employed,Yes,1750000,3,0,No,No,0
1789,28,Private Sector/Self Employed,Yes,1150000,3,1,No,No,0
1800,25,Government Sector,Yes,750000,3,1,No,No,0
1806,26,Government Sector,Yes,550000,4,0,No,No,1
1808,28,Private Sector/Self Employed,Yes,500000,4,1,No,No,0
1811,29,Private Sector/Self Employed,Yes,1100000,8,0,No,No,0
1814,28,Private Sector/Self Employed,No,550000,5,0,Yes,No,1
1816,34,Private Sector/Self Employed,Yes,1000000,3,0,Yes,No,0
1817,29,Private Sector/Self Employed,Yes,1050000,7,0,Yes,No,1
1818,26,Government Sector,Yes,500000,8,0,No,No,0
1821,25,Private Sector/Self Employed,No,1350000,5,1,No,Yes,1
1823,25,Private Sector/Self Employed,Yes,1800000,6,0,Yes,No,1
1824,28,Private Sector/Self Employed,Yes,800000,4,1,Yes,No,0
1826,29,Private Sector/Self Employed,Yes,1200000,6,0,No,No,0
1827,32,Government Sector,Yes,800000,5,1,Yes,No,1
1829,31,Private Sector/Self Employed,Yes,1400000,4,1,No,Yes,1
1830,25,Private Sector/Self Employed,Yes,1700000,6,0,Yes,No,1
1834,31,Private Sector/Self Employed,Yes,1100000,4,0,Yes,No,0
1835,31,Government Sector,No,400000,5,0,No,No,0
1837,34,Private Sector/Self Employed,Yes,1300000,5,0,No,Yes,0
1838,28,Private Sector/Self Employed,Yes,700000,4,1,No,Yes,0
1839,32,Government Sector,Yes,350000,3,0,No,Yes,0
1840,28,Private Sector/Self Employed,Yes,900000,8,0,No,No,0
1847,28,Government Sector,Yes,1200000,3,0,No,No,1
1848,31,Government Sector,No,400000,7,1,No,No,0
1854,34,Government Sector,Yes,1300000,5,0,Yes,No,1
1859,32,Government Sector,Yes,800000,3,1,No,No,0
1861,34,Private Sector/Self Employed,Yes,1050000,5,0,Yes,No,0
1864,31,Government Sector,Yes,400000,6,1,No,No,1
1867,35,Private Sector/Self Employed,No,800000,5,0,No,No,1
1869,31,Government Sector,Yes,1500000,2,0,Yes,Yes,1
1877,28,Private Sector/Self Employed,Yes,1100000,7,0,Yes,No,0
1878,28,Private Sector/Self Employed,Yes,700000,4,0,No,No,1
1879,27,Private Sector/Self Employed,No,350000,2,0,No,No,0
1880,27,Government Sector,Yes,1050000,4,1,No,No,1
1881,34,Private Sector/Self Employed,Yes,1300000,4,0,No,No,1
1882,31,Private Sector/Self Employed,Yes,1350000,9,1,No,Yes,1
1885,35,Government Sector,Yes,1100000,3,0,No,No,0
1888,26,Private Sector/Self Employed,Yes,750000,5,1,No,No,0
1889,31,Government Sector,Yes,1300000,6,0,No,No,0
1891,28,Private Sector/Self Employed,Yes,800000,7,1,No,No,1
1893,32,Government Sector,Yes,850000,4,1,No,No,0
1895,26,Government Sector,Yes,500000,3,0,No,No,0
1897,35,Government Sector,Yes,1100000,4,0,Yes,No,1
1898,25,Private Sector/Self Employed,No,600000,4,1,Yes,No,0
1899,31,Private Sector/Self Employed,Yes,1250000,4,1,No,No,0
1900,27,Private Sector/Self Employed,No,1000000,3,1,No,No,0
1902,33,Government Sector,Yes,400000,2,0,No,No,0
1903,33,Government Sector,Yes,650000,4,0,No,Yes,1
1904,28,Private Sector/Self Employed,Yes,700000,7,0,Yes,No,0
1907,28,Private Sector/Self Employed,Yes,600000,5,0,Yes,No,1
1909,28,Government Sector,No,300000,4,1,No,No,0
1911,27,Private Sector/Self Employed,No,1550000,6,1,Yes,No,1
1914,30,Private Sector/Self Employed,No,550000,6,0,No,No,0
1916,28,Government Sector,Yes,1100000,6,1,No,No,0
1917,34,Private Sector/Self Employed,No,1300000,4,0,No,No,1
1923,26,Private Sector/Self Employed,Yes,750000,3,0,No,No,0
1924,33,Private Sector/Self Employed,Yes,750000,3,1,No,No,0
1929,28,Government Sector,Yes,600000,7,1,No,No,1
1930,31,Government Sector,Yes,1200000,7,0,No,No,0
1931,34,Private Sector/Self Employed,Yes,1300000,4,1,No,No,0
1932,35,Private Sector/Self Employed,No,800000,4,1,No,No,0
1933,28,Private Sector/Self Employed,Yes,550000,4,1,Yes,No,0
1934,25,Private Sector/Self Employed,No,1350000,3,1,Yes,Yes,0
1935,33,Government Sector,Yes,1000000,6,0,Yes,No,0
1936,33,Private Sector/Self Employed,Yes,1500000,7,0,Yes,Yes,1
1937,34,Private Sector/Self Employed,Yes,500000,5,0,Yes,Yes,0
1938,34,Private Sector/Self Employed,No,1400000,4,0,No,Yes,0
1939,27,Private Sector/Self Employed,No,450000,8,0,No,No,0
1940,25,Private Sector/Self Employed,Yes,1400000,5,0,Yes,Yes,0
1942,28,Private Sector/Self Employed,Yes,900000,5,0,No,No,0
1943,29,Private Sector/Self Employed,Yes,1050000,2,0,No,No,0
1945,28,Private Sector/Self Employed,No,550000,4,1,No,Yes,1
1946,32,Government Sector,Yes,850000,7,0,Yes,Yes,1
1947,32,Government Sector,Yes,900000,2,0,Yes,No,0
1951,27,Private Sector/Self Employed,No,600000,4,0,No,No,0
1952,31,Government Sector,Yes,1500000,4,0,Yes,Yes,1
1953,34,Government Sector,Yes,1300000,7,0,No,No,1
1954,30,Private Sector/Self Employed,No,550000,6,1,No,No,0
1955,33,Government Sector,Yes,1750000,4,0,No,No,0
1956,32,Government Sector,Yes,350000,3,1,No,Yes,1
1958,31,Government Sector,Yes,1300000,3,1,No,No,0
1959,28,Private Sector/Self Employed,No,550000,6,0,No,No,0
1964,28,Government Sector,Yes,1100000,4,0,No,No,0
1966,34,Private Sector/Self Employed,Yes,700000,3,0,Yes,No,0
1969,31,Private Sector/Self Employed,Yes,500000,4,1,No,No,0
1974,28,Private Sector/Self Employed,Yes,1200000,6,0,Yes,No,0
1975,26,Private Sector/Self Employed,Yes,1400000,9,0,No,Yes,1
1976,32,Government Sector,Yes,900000,6,0,No,No,0
1981,27,Government Sector,Yes,850000,3,0,No,No,1
1982,33,Private Sector/Self Employed,Yes,1500000,4,0,Yes,Yes,1
1983,28,Private Sector/Self Employed,Yes,1750000,5,1,No,Yes,0
1985,34,Private Sector/Self Employed,Yes,1000000,6,0,Yes,Yes,1
